https://docs.lextudio.com/blog/2010/09/how-to-build-log4cxx-in-visual-studio-2010/,https://docs.lextudio.com/blog/how-to-build-log4cxx-in-visual-studio-2010-a69d9bbd65d7,301
https://docs.lextudio.com/blog/2015/04/obfuscar-f-mono-cecil-and-method-overriding/,https://docs.lextudio.com/blog/obfuscar-f-mono-cecil-and-method-overriding-f91dca4d13ba,301
https://docs.lextudio.com/blog/2007/08/inno-setup-script-sample-for-version-comparison-2/,https://docs.lextudio.com/blog/inno-setup-script-sample-for-version-comparison-advanced-version-c398d0ef18ad,301
https://docs.lextudio.com/blog/2007/12/product-review-snmp-libraries-for-net-evaluation-report/,https://docs.lextudio.com/blog/product-review-snmp-libraries-for-net-evaluation-report-e13f25991cad,301
https://docs.lextudio.com/blog/2008/02/grapevine-voice-rad-studio-ota-issue,https://docs.lextudio.com/blog/grapevine-voice-rad-studio-ota-issue-4b405586bbf3,301
https://docs.lextudio.com/blog/2008/11/candycan-opener-bad-news-at-prime-time,https://docs.lextudio.com/blog/candycan-opener-bad-news-at-prime-time-b9f0478bfe78,301
https://docs.lextudio.com/blog/2009/09/trident-sign-3-1-ready-and-next,https://docs.lextudio.com/blog/trident-sign-3-1-ready-and-next-bc522bef47fb,301
https://docs.lextudio.com/blog/2012/07/how-to-troubleshoot-monodevelop-errors-on-opensuse,https://docs.lextudio.com/blog/how-to-troubleshoot-monodevelop-errors-on-opensuse-93498e626335,301
https://docs.lextudio.com/blog/2012/07/if-you-cannot-installuninstall-iis-7-part-ii,https://docs.lextudio.com/blog/if-you-cannot-install-uninstall-iis-7-part-ii-73a14fe3db0,301
https://docs.lextudio.com/blog/2012/10/port-already-in-use-then-who-uses-it/,https://docs.lextudio.com/blog/port-already-in-use-then-who-uses-it-69c133a456ab,301
https://docs.lextudio.com/blog/2013/03/tritonmate-words-iftable-implementation/,https://docs.lextudio.com/blog/tritonmate-words-iftable-implementation-c15a6b8a587f,301
https://docs.lextudio.com/blog/2013/10/self-hosting-series-why-cannot-my-web-server-iis-be-reached-from-anywhere-else,https://docs.lextudio.com/blog/self-hosting-series-why-cannot-my-web-server-iis-be-reached-from-anywhere-else-8da0e0b252ef,301
https://docs.lextudio.com/blog/2014/06/why-owin-matters-a-lot-for-asp-net-developers/,https://docs.lextudio.com/blog/why-owin-matters-a-lot-for-asp-net-developers-3377d9d15f02,301
https://docs.lextudio.com/blog/2014/10/jexus-manager-for-iis-express/,https://docs.lextudio.com/blog/jexus-manager-for-iis-express-7620e9e976d0,301
https://docs.lextudio.com/blog/2014/11/how-to-handle-cors-preflight-requests-in-asp-net-mvcweb-api-with-windows-authentication/,https://docs.lextudio.com/blog/how-to-handle-cors-preflight-requests-in-asp-net-mvc-web-api-with-windows-authentication-f19814cbb558,301
https://docs.lextudio.com/blog/2014/11/iis-url-rewrite-tip-break-free,https://docs.lextudio.com/blog/iis-url-rewrite-tip-break-free-adccdb4b9f2f,301
https://docs.lextudio.com/blog/2015/04/web-application-differences-in-visual-studio-and-iis,https://docs.lextudio.com/blog/web-application-differences-in-visual-studio-and-iis-60fec7e311b3,301
https://docs.lextudio.com/blog/2015/05/whats-microsoft-web-administration-and-the-horrible-facts-you-should-know,https://docs.lextudio.com/blog/whats-microsoft-web-administration-and-the-horrible-facts-you-should-know-b82f2c974da6,301
https://docs.lextudio.com/blog/2015/06/the-whole-story-of-server-certificate-disappears-in-iis-77-588-510-0-after-installing-it-why/,https://docs.lextudio.com/blog/the-whole-story-of-server-certificate-disappears-in-iis-7-7-5-8-8-5-10-0-after-installing-it-why-b66e802baa38,301
https://docs.lextudio.com/blog/2015/12/jexus-web-server,https://docs.lextudio.com/blog/jexus-网站服务器和-asp-net-跨平台开发-e4cac4316352,301
https://docs.lextudio.com/blog/2015/12/jexus-web-server-and-asp-net-cross-platform/,https://docs.lextudio.com/blog/jexus-web-server-and-asp-net-cross-platform-7d3c9169a906,301
https://docs.lextudio.com/blog/2016/03/how-to-port-snmp-library-to-net-core/,https://docs.lextudio.com/blog/how-to-port-snmp-library-to-net-core-878d29074f9c,301
https://docs.lextudio.com/blog/2016/03/jexus-manager-enhanced-self-signed-certificate-generation,https://docs.lextudio.com/blog/jexus-manager-enhanced-self-signed-certificate-generation-9ff4940d6b07,301
https://docs.lextudio.com/blog/the-horrible-story-of-publishing-net-core,https://docs.lextudio.com/blog/the-horrible-story-of-publishing-net-core-web-apps-for-beginners-6121662dd8c4,301
https://docs.lextudio.com/blog/tagged,https://docs.lextudio.com/blog/tags/,301
https://docs.lextudio.com/blog/2012/12/tritonmate-words-story-on-rfc-3414-support/,https://docs.lextudio.com/blog/tritonmate-words-story-on-rfc-3414-support-5a7ff6448e7b,301
https://docs.lextudio.com/blog/2015/05/tritonmate-words-snmp-9-0-plan/,https://docs.lextudio.com/blog/tritonmate-words-snmp-9-0-plan/,301
https://docs.lextudio.com/blog/2015/12/,https://docs.lextudio.com/blog/,301
https://docs.lextudio.com/blog/posts/the-end-of-mono/,https://docs.lextudio.com/blog/the-end-of-mono/,301
https://docs.lextudio.com/blog/what-class-library-project-to-go-in-visual-studio-2015-2017-a48710cf3dff,https://docs.lextudio.com/blog/which-class-library-project-to-go-in-visual-studio-2015-2017-a48710cf3dff,301